微博id,微博正文,原始图片url,微博视频url,发布位置,发布时间,发布工具,点赞数,转发数,评论数
Ix9xUivAJ,[置顶]•••🔆Hi，感谢遇见🔆•••        我是蛋酱，一枚设计师，对探索瑜伽、健康和成长有着持续热情，希望将探索路上的感悟收获，在这儿与你分享、一同探讨和成长～        你将看到：瑜伽/姿势与发力/疼痛与疾病/日常感悟...内容会随着我的生活持续更新和转换重心，毕竟人生是多维度的。••...全文 [组图共3张] 原图 ,"http://ww2.sinaimg.cn/large/006Fh8P1gy1gcgjqvaibyj30us0usgpo.jpg,http://ww4.sinaimg.cn/large/006Fh8P1gy1gcgjqvnp33j30v20v2gqb.jpg,http://ww1.sinaimg.cn/large/006Fh8P1gy1gcgjqw19s6j30v40v4q72.jpg",无,无,2020-03-05 07:18,瑜伽超话,38,34,37
IxyyUdH3l,𝔂𝓸𝓰𝓪_如何避免瑜伽损伤？        既然练习瑜伽，谁都希望做到漂亮体式，最好再发个朋友圈获赞那你们是否跟我一样，为了深入体式强迫身体呢？        后来我渐渐走上“佛系练习”之路，源于了解更多瑜伽损伤。【瑜伽练习损伤身体吗？】        去年名为“无数中国女人，正在被瑜伽毁掉身体”的文章在pyq火了一把，虽然题目emm一言难尽，但也成功宣传了瑜伽损伤。        🔕两个案例：        1.我的瑜伽老师过度练习后弯，导致胸椎曲度丢失，常年后背上部疼痛。        2.成都晚报：张帆在瑜伽课中腰部急性扭伤，因此住院3周，花费1万多治疗费。        ✍瑜伽体式跟其它活动一样，不合理的练习损伤身体，主要集中在对关节的损伤，如脊柱、肩关节、髋关节。        ✍不合理的练习包括追求极端瑜伽姿势、不顾身体已经存在的损伤、缺乏专业指导等。【如何避免损伤？】        蛋酱想说，面对瑜伽损伤的问题，一方面正视它的存在，不被“瑜伽包治百病”忽悠，做好防护；另一方面也不用妖魔化它，其实活动就会产生伤害，走路走得不对还伤膝盖呢。        🌟关键是建立正确地练习方式。        🔎首先部分人群不适合练瑜伽：        ▫️1.骨质疏松者。        ▫️2.腰椎疼痛人群。        ▫️3.患有神经疾病的人群。        ✍身体已经存在问题，治愈是首要的，建议先在康复师的指导下恢复健康，微博上很多康复大神，安利@SportsPT洪大侠。                 🔎其次采用安全的练习方式：        ▫️1.量力而为，佛系练习。        ▫️2.跟随专业的瑜伽老师。        ▫️3.了解基础的人体和运动知识。        ✍成人韧带骨骼已发育成熟，很多高难体式超出正常关节活动范围，强行练习损伤大。        ✍专业的瑜伽老师对体式和人体认识足够，有助于避免损伤，指路@小叶的星辰 这篇关于瑜伽馆和老师的分析http://t.cn/A6PN9NA2。        ✍自身足够了解人体和运动是最好的保护，这方面安利偶像山神@朱梦麟-山神         采用正确方式，丰富自身储备，避免瑜伽损伤，祝我们都能在瑜伽中感受平和和愉悦#瑜伽[超话]#             [组图共3张]      原图                             ,"http://ww3.sinaimg.cn/large/006Fh8P1gy1gclrc80uzdj30u00u0gww.jpg,http://ww2.sinaimg.cn/large/006Fh8P1gy1gclrc9b9hvj30j00ey78i.jpg,http://ww4.sinaimg.cn/large/006Fh8P1gy1gclrc9sddoj30u00u0qeb.jpg",无,无,2020-03-07 22:59,瑜伽超话,21,6,20
Ixpv5nv4k,-#阿蛋唠嗑# /写微博治焦虑以前遇到难题：焦虑、烦躁、想放弃🙃现在遇到难题：熬过去就可以写一篇干货贴啦[加油]写微博治焦虑 🌙𝓰𝓸𝓸𝓭 𝓷𝓲𝓰𝓱𝓽🌙  原图 ,http://wx2.sinaimg.cn/large/006Fh8P1gy1gcknc7q9ibj31qc0u0ac3.jpg,无,无,2020-03-06 23:55,HUAWEI P20,4,0,6
IxoD2biqh,𝓭𝓲𝓷𝓰_管理大脑VS管理任务        看@大熊医学杂货铺 提到：“不知道自己想做什么的时候，建议千万别打开社交APP，推荐记录本日/本周/本月的计划事项。”http://t.cn/A67ulblV        由此想起钟爱的笔记本，适合计划记录，更重要的是用管理大脑替代管理任务，推荐给大家👉『Today wel...全文 [组图共3张] 原图 ,"http://ww1.sinaimg.cn/large/006Fh8P1gy1gckjhmbbnej315o1oraq3.jpg,http://ww4.sinaimg.cn/large/006Fh8P1gy1gckjhmqfdkj315q0s8n19.jpg,http://ww4.sinaimg.cn/large/006Fh8P1gy1gckjhnciivj315o1r27lj.jpg",无,无,2020-03-06 21:42,studywithme超话,8,0,11
IxgkCetwJ,-#阿蛋唠嗑# /价值工作时希望老板发工资，写微博时希望收获关注。则要每日三省吾身：早：我能提供什么价值？中：我能提供什么价值？晚：我能提供什么价值？🌙𝓰𝓸𝓸𝓭 𝓷𝓲𝓰𝓱𝓽🌙  原图 ,http://wx1.sinaimg.cn/large/006Fh8P1gy1gcjiv0owxfj30th15o7wh.jpg,无,无,2020-03-06 00:34,HUAWEI P20,3,0,0
IxelglCLH,𝓭𝓲𝓷𝓰_199元提升宅家幸福感        节日快到了大家的购物车准备的怎么样，蛋酱搜罗了9个二百元以内的居家好物～【🍳炊具】        疫情把多少小伙伴逼成大厨啦？      ✨1.摩飞电饼铛/摩飞（Morphyrichards）电饼铛薄饼机家用早餐机多功能迷你千层春饼机MR1266        大家看过狗哥GARY用电饼铛施展的厨艺嘛！锅巴+烤肉等都可以实现，懒人福音~      ✨2.小熊多功能早餐机/小熊（bear）烤面包机早餐机多功能多士炉家用2片吐司机三明治机带煎锅煮蛋器蒸蛋煎蛋DSL-A        懒人福音+1，烤面包+煮蛋+煎蛋一体。      ✨3.苏泊尔红火点炒锅/苏泊尔（SUPOR） 平底锅火红点无油烟不粘加厚平底煎锅 燃气电磁炉通用 28CM PJ28K4        平底不粘锅炒菜不要太好用，这款适用于多种炉具，一物多用+1。【🍶水壶】      ✨4.米家恒温电水壶/米家 恒温电水壶 1.5L大容量 小米电水壶 白色 精确控温 智能控制 不锈钢电水壶        烧开后可以通过APP调节保温温度，烧水壶+保温瓶一体，深得我心已经下单了嘻嘻。      ✨5.小熊养生壶/小熊（Bear）养生壶燕窝壶1.8L花茶壶煮茶壶炖燕窝全自动多功能玻璃煮茶器电水壶电热水壶YS        办公室当红单品，一物多用again：炖制+茶饮+粥类+直煮。      ✨6.摩飞便携榨汁机/摩飞电器（MORPHY RICHARDS）新款便携式榨汁机杯小型充电式迷你果汁机户外旅行MR9600 粉色        同事用的，听说打得很细，做奶昔很棒。【📸家居】       ✨7.米家飞利浦台灯2S/http://t.cn/A67QsWkR        跟电热水壶一样，也是APP控制，护眼灯光很舒服。      ✨8.松下便携式紫外线消毒杀菌灯￥189        /http://t.cn/A67QsWkQ        之前听说紫外线消毒口罩可行，就想着得赶紧入手一个。      ✨9.德尔玛烘干机￥178/http://t.cn/A67QsWk1        南方的朋友很需要有木有！3月已经到了，梅雨季也还会远吗--------打扰：@全是干货 @丸子安利菌 @分享bot @快递少年 @手帐生活启示录             [组图共9张]      原图                             ,"http://ww2.sinaimg.cn/large/006Fh8P1gy1gcj9z7qkgnj30ri1b0dpl.jpg,http://ww4.sinaimg.cn/large/006Fh8P1gy1gcj9z88yyyj30ri1b0aoy.jpg,http://ww3.sinaimg.cn/large/006Fh8P1gy1gcj9z8ohu6j30ri1b07dk.jpg,http://ww2.sinaimg.cn/large/006Fh8P1gy1gcj9z97rycj30ri1b0k11.jpg,http://ww1.sinaimg.cn/large/006Fh8P1gy1gcj9za0v0uj30ri1b47wh.jpg,http://ww4.sinaimg.cn/large/006Fh8P1gy1gcj9zam5psj30ri1b0ngg.jpg,http://ww3.sinaimg.cn/large/006Fh8P1gy1gcj9zb4ub5j30ri1b0dvl.jpg,http://ww4.sinaimg.cn/large/006Fh8P1gy1gcj9zbofrlj30ri1b07ui.jpg,http://ww2.sinaimg.cn/large/006Fh8P1gy1gcj9zcdye8j30ri1b11kx.jpg",无,无,2020-03-05 19:31,HUAWEI P20,3,0,5
Ix5wzBufD,𝓭𝓲𝓷𝓰_一个把控刷微博时间的心得        分时间段➕设闹钟。        在微博每天需要写原创、转评赞idol、互动小伙伴，还要思考一会儿不涨粉的原因🙃不知不觉两三个小时就嗖过去了。        但现在逐步复工，工作忙起来，另外要锻炼、谈恋爱、保证输入... 每天时间都不够用，限制刷微博时间很有必要。        怎么做呢？      （1）把原创啊互动啊这些必要任务分配到各个时间段，例如晚饭后转评赞小伙伴。      （2）为每段任务设定时间，例如晚饭后定半小时闹钟，从开始算起，闹钟一响就撤。        这样一是分解任务，不让玩微博成为压力，二是避免花费太多时间，这儿评论一个那儿有个灵感，甚至影响生活主线。         我的小小心得，好啦时间到我也该撤了@写书哥 和@牛魔王啊                  原图                             ,http://wx1.sinaimg.cn/large/006Fh8P1ly1gci75fh5hkj306o06o3yg.jpg,无,无,2020-03-04 21:04,HUAWEI P20,19,1,24
Ix3Imfvi9,𝓫𝓸𝓭𝔂_动作损伤更多在日常        训练或瑜伽练习的时候都会比较注意动作准确性，有意识地避免运动损伤，但更多损伤发生在日常动作当中。        前几天练习一套站立序列，体式转换时膝盖总是不稳，经常膝盖内扣，当时记下这个问题，想着以后练习得注意，要不伤膝盖。后来有次刷牙时想起，留意了下当时的膝盖状态，竟然也有些内扣，刻意提起足弓才改正过来。        之后不断地发现，日常站立、走路、上下楼梯、下蹲起身，甚至拉伸时都存在膝盖内扣➕足弓塌陷，心疼我的老膝盖        有误的动作模式不仅发生在练习时啊，它存在于日常不断重复的简单动作中，练习，更多是帮助反映问题。因此错误动作带来的损伤也不仅在练习中，相比练习的1小时，另外活动的十几小时，伤害更为细微深入。        如果运动伤害是急性肠胃炎，日常动作损伤就是慢性病—症状弱、作用慢、发病时已是后期，所以平常也要保留对动作的关注呀。#瑜伽[超话]#                  原图                             ,http://wx1.sinaimg.cn/large/006Fh8P1ly1gchyzwxdlxj30hs0hsaaj.jpg,无,无,2020-03-04 16:27,瑜伽超话,9,1,10
IwVIkDDnp,𝓭𝓲𝓷𝓰_如何打破拖延的怪圈？        拖延的时候你会怎么做？骂自己？否定自己？然后继续拖延？我一直这样处理拖延，陷在怪圈里，直到今天尝试一种新方式，稍微破了这个局。        今日拖延后的初始内心OS：        状态真糟，啥事没干还给自己整的很累，为什么就不能早点睡？为什么不能多看会儿书？为什么不能跟XXX一样说做就做？一堆为什么，越想越懊恼，破罐子破摔继续玩得了🙃        一通质问后，对这个熟悉的怪圈警觉起来，尝试着停止脑子里的『严师』，召唤心里的『慈母』。        跟自己说：你今天有些拖延哦，没关系的再厉害的人也会拖延，人都是这样呀，你已经很努力在打破这个怪圈啦，一次拖延不会妨碍你前进，只要不忘记前进的方向🤗        神奇的是，在心里念了几遍“慈母”的台词后，心就平静了很多，在焦虑的间隙里腾出了一点继续做事的信心～        想起@陈海贤_动机在杭州 老师文章里提到的“一旦摆脱内疚和自责，我们也不用消耗大量的心理资源去安抚内心的挫败感，这样反而有更多心理资源来增强我们的自控”。        再陷在“拖延—自责—继续拖延”的怪圈时，不防尝试赶走“严师”、召唤“慈母”、打破怪圈。        借用陈老师金句：“爱自己，是你重新积聚正能量的不二法门。”        #studywithme[超话]##蛋酱在成长#                  原图                             ,http://wx1.sinaimg.cn/large/006Fh8P1gy1gcgzu8xiywj30wr0u0af8.jpg,无,无,2020-03-03 20:05,studywithme超话,9,1,10
IwTc0d0hH,𝓭𝓲𝓷𝓰_抱团前进走得更远                @写书哥 课程中一直强调要打造小圈子，大家志同道合、互相鼓励一起前进；要找到目标的大V小V，他们是你愿意成为的人、要达到的目标，使自己向上有方向有期待。        中午向同学找资料的时候突然想到，报团前进，仅仅用于微博写作吗？        现实生活更要报团前进，像意外在家办公的这段时间，我忘记把资料全带回来，不得不到处找同学搜刮，想想要是平时有意识打造“专项设计”的小圈子，找资料会容易的多。        打造专项小圈子，资源共享，更快迭代与前进，抱成团走，力量更大，走得更远。 #蛋酱在成长#                  原图                             ,http://wx4.sinaimg.cn/large/006Fh8P1gy1gcgopibl5og30ci071b2a.gif,无,无,2020-03-03 13:40,HUAWEI P20,7,0,3
IwMffiIYG,𝓭𝓲𝓷𝓰_花了心思就更珍惜吧        隔离期一直自己做饭，现在吃饭一粒米、一片叶子也舍不得浪费，每天践行光盘行动，想以前可是饭菜说倒就倒。        今年开始在微博输出，体会到了码一段文字、一篇文章的不易，刷微博看什么样的内容都觉得不容易值得点赞，不是以前看这个也菜看那个也菜。        一样的饭菜和文字，不一样的心境，亲身体会到了背后的难处，才更珍惜已有的，也更会理解和包容他人叭。 #蛋酱在成长#                  原图                             ,http://wx4.sinaimg.cn/large/006Fh8P1gy1gcfu1amgv7j30hs0g3gmg.jpg,无,无,2020-03-02 19:59,HUAWEI P20,7,0,10
IwKAXsLUz,𝔀𝓸𝓻𝓴_5个问题避免工作数据出错        面对工作中的数据出错，我们常说要多检查几遍，但具体是检查哪些方面还是很模糊，实际上把『多检查』分解成具体的项目，才更有效地避免出错。        数据检查都在检查什么？      🌟一、常规检查        检查内容：项目+数据值/检查方面：...全文 ,无,无,无,2020-03-02 15:47,职场超话,6,2,13
IwBGm2bih,𝓨𝓸𝓰𝓪_瑜伽与抑郁        每次练完瑜伽都会产生一种平静的愉悦感，交流发现好多人有这个体会，最近读到，原来已经有研究提出，每周一次的瑜伽能够缓解抑郁、调节情绪。        这点主要靠调节GABA做到。        GABA是一种抑制性神经传达物质，位于中枢神经系统，它对机体的多种功能...全文 原图 ,http://wx1.sinaimg.cn/large/006Fh8P1gy1gcejdm1ecqj32is0zek1u.jpg,无,无,2020-03-01 17:05,瑜伽超话,4,0,5
IwkYLsuFF,𝓭𝓲𝓷𝓰_好好吵架，越吵越亲        忙着跟狗哥吵架，都忘记更博了        本次吵架感悟：吵架没那么可怕，算一种暴躁型沟通叭，比吵架更可怕的是从来不吵，双方都放弃沟通，差不多算放弃这段关系了。        吵架最终是伤感情，还是更了解对方，还要看怎么吵。吵的不对，互相捅刀扎心；好好吵架，反而越吵越亲密。        🌟好好吵架，有3个雷区一定要避免：      （1）不动手。这还想啥，赶紧跑吧，之后态度多好都免谈，活着要紧。      （2）不骂父母。人品的底线了，对我来说不可容忍。      （3）拒绝沟通。最常踩的雷区，例如“你要这么想我也没办法”、“都是我的错行了吧”、“随便吧”，看上去是认错，其实是拒绝沟通+把对方摆到无理取闹的位置，只会越吵越凉。        另外一些常说的雷区，例如翻旧账、说脏话、提分手、放狠话等，蛋酱觉得还是看态度，意识到这些行为伤人，能改就问题不大，一直不改就要好好考虑了。        两个人一起，由于家庭背景、教育方式、生活经历的不同，不会一开始就相处默契，有时候绷不住吵一架，倾诉不满和委屈，未尝不是一种情绪抒发的方式。        不必苛求完美的关系，好好吵架，关系也可以越来越好，送大家一套和好表情包，都要幸福哟@写书哥 和@牛魔王啊             [组图共9张]      原图                             ,"http://ww2.sinaimg.cn/large/006Fh8P1gy1gcchmfwzmzj30rj0rjdit.jpg,http://ww1.sinaimg.cn/large/006Fh8P1gy1gcchmg9wmjj30ew0etwfa.jpg,http://ww3.sinaimg.cn/large/006Fh8P1gy1gcchmgk8dbj30k00f5jsi.jpg,http://ww4.sinaimg.cn/large/006Fh8P1gy1gcchmgx8wwj30g00eemxi.jpg,http://ww4.sinaimg.cn/large/006Fh8P1gy1gcchmim1ymg30c507dx6q.gif,http://ww2.sinaimg.cn/large/006Fh8P1gy1gcchmiz19cj30c80ad74e.jpg,http://ww3.sinaimg.cn/large/006Fh8P1gy1gcchmjdilpj30f80f3ab1.jpg,http://ww3.sinaimg.cn/large/006Fh8P1gy1gcchmjp6bsj30m80m8myf.jpg,http://ww3.sinaimg.cn/large/006Fh8P1gy1gcchmk1rqdj30j60j63zs.jpg",无,无,2020-02-28 22:34,HUAWEI P20,5,0,6
IvZWYDZkX,𝓭𝓲𝓷𝓰_如何做到卓越？        酋长岩，全球最大的花岗岩巨型独石，号称全球最难爬的路线，第一次有人攀登酋长岩，花了46天，从此攀登者前赴后继，且都用安全绳辅助。        Alex Honnold，不但成为无保护攀登酋长岩第一人，整个过程仅仅用时3小时56分。        《徒手攀岩》的10段台词➕1个片段，走进Alex的挑战人生，学习如何做到极致卓越。      ✨（1）关于恐惧：              人们讨论怎样压抑恐惧，但我有不同的看法，我是靠反复练习动作，不断扩大自己的舒适区，通过训练，让恐惧不再影响我。      ✨（2）关于热爱：              他在无保护攀岩的时候是最有生命力的，最能体会到一切，最能感受到生命，我怎么忍心夺走这样珍贵的东西呢？————母亲      ✨（3）关于自我厌恶：              不管我多么出色，都不够完美，自我厌恶的无底深渊，这的确是我去无保护攀岩的部分动机。      ✨（4）关于目标达成：              不过我总要准备一下，否则不会死心；如果我努力准备过了，还是觉得状态不对，那也许这个任务不适合我。      ✨（5）关于恋爱：              进行高难度的无保护攀岩，需要有强大的精神力量，而恋爱会破坏你的精神铠甲，攀岩需要集中，而恋爱关系本质上就是要分走你的注意力。————攀岩好友      ✨（6）关于信心：              无保护攀岩的过程中，你总要有信心的来源，有时候信心来自于身体极佳的状态，有时候信心来自于准备和预演，总有什么让你觉得准备好了。      ✨（7）关于突破：              做每件事情都有逐步积累的过程，积累到一定程度，就会有飞跃。————攀岩好友      ✨（8）关于幸福：              对桑尼（女友）而言，生活的意义是追求幸福，而我希望取得成就。任何人都可以过得轻松快乐，而追求轻松快乐不会有进步，一个人只追求快乐舒适，是没法做出成就的。      ✨（9）关于极致：              我想成为勇士，为什么而战不重要，这是你的道路，你就要追求极致，你面对恐惧，是为了达到目标，这就是所谓的勇士精神。      ✨（10）关于攀岩：               我觉得无保护攀岩的精神状态很接近勇士文化，你必须达到绝对的专注，因为性命攸关。        最后附上电影中的一段，看主角是如何为挑战做准备的，当我们怀疑自己能否做到，感觉没有信心的时候，问一下自己，有没有做到同样程度的准备，共勉(ง •̀_•́)ง@写书哥 和@牛魔王啊 #电影[超话]# 练瑜伽的蛋酱的微博视频                                 ,无,无,无,2020-02-26 17:02,电影超话,3,0,4
IvRk7kOd5,"𝓱𝓮𝓪𝓵_又双叒叕落枕了        前些天右边脖子落枕，想着等它自然好吧，谁知昨天起床左边也落枕了，整个人变成僵硬机器人作为落枕专业户，久病成医，分享一些处理落枕的经验～      🌟1.落枕后如何处理？      ✨（1）保护              落枕急性期应减少活动，千万不要扭头或用力抵抗僵硬的脖子，可能造成严重损伤。      ✨（2）热敷              热毛巾或者热水袋敷在卡住的地方，10～15分钟，一天2～3次，促进血液循环。      ✨（3）静力收缩              举例：如果是脖子无法向右边转的情况，就慢慢把头转向右边，直到疼痛停下，用右手托住右边脸颊，脸和手以两三成的力气对抗，维持6～10秒，然后放松6～10秒，重复三四次会有改善～      🌟2.如何预防落枕？      ✨（1）调整睡觉姿势              尽量不趴着睡，选择仰卧或者侧卧。      ✨（2）选择合适枕头              有适当的支撑➕有适当的高度。      ✨（3）保暖              受凉时颈部背部气血凝滞，导致僵硬。        该去热敷了,,Ծ^Ծ,,愿大家都能自由歪脖        @写书哥 和@牛魔王啊 #健康[超话]#             [组图共6张]      原图                             ","http://ww3.sinaimg.cn/large/006Fh8P1gy1gc8uqif2yaj30hs0b8ta3.jpg,http://ww2.sinaimg.cn/large/006Fh8P1gy1gc8uqiq8h7j30ch08c0u1.jpg,http://ww1.sinaimg.cn/large/006Fh8P1gy1gc8uqjnvrjj30ci08cdgl.jpg,http://ww4.sinaimg.cn/large/006Fh8P1gy1gc8uqjzq9zj30hs0a0t9h.jpg,http://ww3.sinaimg.cn/large/006Fh8P1gy1gc8uqkevuqj30fn0ff410.jpg,http://ww1.sinaimg.cn/large/006Fh8P1gy1gc8uqkrhkpj30hs0a0wfc.jpg",无,无,2020-02-25 19:04,健康超话,3,1,4
IvIe0CO9L,𝓫𝓸𝓭𝔂_一个不解：腰疼的洗碗        据我观察到的七八人，身高从157cm到187cm不等，大家洗碗却都需要弯腰，一次洗下来腰不舒服，长期洗会腰疼。        量了一下自己家的灶台，约5.5个手机长度，华为P20长约15厘米，因此家里灶台高约80厘米。        平常画图时80厘米的灶台高度很常见，上网搜的图纸，灶台高度也基本在80～85厘米，那现在常用的高度是否已不适合人体工程呢？        今晚做饭洗碗又仔细观察了一下：80厘米的高度炒菜很合适，切菜备菜有些累，到了洗碗环节，本来开关水龙头已经需要弯腰，在凹进去的水池里洗碗，更是累腰，用微微深蹲、解放腰部的姿势洗也累。        ✨所以是不是厨房里面，炒菜、备菜和洗碗需要的高度是不同的？现在室内设计有做不同高度的案例嘛？        ✨另外，像187这样的身高，标准的灶台高度肯定不能满足，装修时是否会根据住户定制呢？        我是做建筑设计的，对室内了解不够，搜了一些常见厨房照片，也搜到设计成不同高度的图纸，但现实怎么操作还是不解，欢迎大家指教，也向@爱改房的魏掌柜 请教～        @写书哥 和@牛魔王啊 #健康[超话]#             [组图共3张]      原图                             ,"http://ww4.sinaimg.cn/large/006Fh8P1gy1gc7ql0nly0j30fa0c3aai.jpg,http://ww4.sinaimg.cn/large/006Fh8P1gy1gc7ql14n18j30go075q31.jpg,http://ww2.sinaimg.cn/large/006Fh8P1gy1gc7ql1mk7gj30hs0gegme.jpg",无,无,2020-02-24 19:54,健康超话,36,38,48
IvHQIxy3f,-#阿蛋唠嗑# /流行性感冒的症状👇  原图 ,http://wx2.sinaimg.cn/large/006Fh8P1gy1gc7owpk65qj30u00qogub.jpg,无,无,2020-02-24 18:57,HUAWEI P20,1,0,0
IvnE2zygf,𝓨𝓸𝓰𝓪_冥想引导语推荐        刚开始接触冥想，或者接触冥想时间不长的时候，没有老师的引导语，容易不知道如何开始，或很难静下心来，蛋酱推荐几个冥想路上自觉好用的引导语，希望对你有用【💻APP与小程序】      ✨『潮汐』              @潮汐APP 既有APP也有小程序...全文 [组图共9张] 原图 ,"http://ww3.sinaimg.cn/large/006Fh8P1gy1gc57lzrq3vj30u01qcwph.jpg,http://ww4.sinaimg.cn/large/006Fh8P1gy1gc57m0gv9tj30u01qcqb8.jpg,http://ww3.sinaimg.cn/large/006Fh8P1gy1gc57m0wkl2j30u01qcjx7.jpg,http://ww1.sinaimg.cn/large/006Fh8P1gy1gc57m1khmsj30u01qcdzj.jpg,http://ww4.sinaimg.cn/large/006Fh8P1gy1gc57m1ymupj30ty0tx44o.jpg,http://ww1.sinaimg.cn/large/006Fh8P1gy1gc57m2fgd9j30k00t1n3k.jpg,http://ww2.sinaimg.cn/large/006Fh8P1gy1gc57m2r1p5j30k00t143m.jpg,http://ww3.sinaimg.cn/large/006Fh8P1gy1gc57m34w5tj30k00t1wl8.jpg,http://ww2.sinaimg.cn/large/006Fh8P1gy1gc57m3rwffj30k00t1teq.jpg",无,无,2020-02-22 15:31,瑜伽超话,24,3,26
Iveije1K9,𝓭𝓲𝓷𝓰_还需准备？借口罢了        最需要准备的，就是不做准备立即开始。           小Y说她要去冥想，因为脑子总是不由自主地想很多，每天啥也没干就特别累，希望能清空思绪，让大脑集中在一两件事情上。        我当然赞同啦，打算给她推荐我喜欢的冥想引导音频。        但她接着又说，喜欢那种闻香冥想的氛围，肯定能安神，等疫情过去就到tb买檀香，到时候再试试。        那种氛围确实很棒，檀香香味可安神抗郁，不过开始冥想没有这么多讲究，『一个不被打扰的环境、一段引导语、还有你自己』就足够啦，现在就可以试的，我解释道。        但不在那种环境就没有冥想的感觉啊！我肯定做不到清空思绪，等我准备好再试，小Y很坚持。        仔细想想，开始冥想，小Y需要的是檀香么？其实不是，需要的条件都已具备， 『等我准备好再试』更多是一种借口，它的潜台词是『我现在不打算做』。        开始锻炼需要先有一套美美的运动装备么？开始工作需要先有一台最新Mac么？开始写微博需要先有贼满意的头像和ID么？        这些无关紧要的准备，其实是我们逃避的借口，因为没有准备好檀香、ID，就可以不去冥想、写微博。        小Y真正需要的不是檀香，而是什么都不要准备，坐下来，立刻开始。@写书哥 和@牛魔王啊                  原图                             ,http://wx4.sinaimg.cn/large/006Fh8P1gy1gc42enu7p7j30hs0ckwfh.jpg,无,无,2020-02-21 15:43,HUAWEI P20,17,0,24
Iv6MMd97Y,𝓨𝓸𝓰𝓪_呼吸乱了，心就乱了        不知你有没有注意过自己的呼吸？是否开心的时候是一种方式，愤怒的时候是一种，平静的时候是一种，紧张的时候又是另一种？        呼吸和精神状态息息相关。        实际上，呼吸与神经系统紧密相连。神经系统分为受意识控制的『自主神经系统』，和不受意志控制的『非自主神经系统』。        ✨呼吸呢，是一种很特殊的行为，受这两种神经系统的控制，也就是说，我们不需要学，就会呼吸，睡觉时不去控制，也可以自主呼吸（非自主）；同时也能通过有意识的控制，来改变呼吸（自主）。        ✨相反，调节呼吸能够调节神经系统，相信我们都尝试过紧张的时候深呼吸，此时缓慢深长💤的呼吸方式使神经平静；或者很疲倦的时候，进行快速有力⚡️的呼吸，刺激自主神经系统，给身体充电。        稍微停一停，观察你的呼吸，它是缓慢深长的？还是快速急促的？亦或此刻你正屏着呼吸呢？        观察到呼吸，再关照一下自身，是否正聚精会神？是否十分紧张？或者幸福平静呢？        观呼吸以内观，呼吸乱则心乱，呼吸定则心定，Namaste🙏#瑜伽[超话]#@写书哥 和@牛魔王啊                  原图                             ,http://wx3.sinaimg.cn/large/006Fh8P1gy1gc35ac0m9sg30f40d6n6b.gif,无,无,2020-02-20 20:36,瑜伽超话,38,3,41
IuVoc1Gt4,𝓱𝓮𝓪𝓵_ 经常发炎怎么办？        昨天又犯鼻炎，一觉睡起来更为严重，鼻子出血、喉咙红肿、发寒发冷，朋友说是发炎了，想到去年两次肠胃炎，不禁好奇，什么是发炎？发炎了怎么办？怎样避免经常发炎？      🌟1.什么是发炎？        炎症，也就是发炎，是指生物组织受到外伤或者病原感染等刺激时的『防御反应』。           这时免疫细胞被激活，发生免疫反应和修复作用，引起局部炎症反应。一般表现为红肿、发热、疼痛和功能障碍。        即发炎是免疫系统与入侵物斗争，如果打赢，炎症反应就会随之停止；如果免疫力低下的患者打不赢，就会转为慢性炎症。      🌟2.发炎了怎么办？        “吃药挂水消消炎”，是发炎时大家常说的，但其实不是所有发炎都需要消炎，而是根据发炎的原因分类处理。        ✅『感染性炎症』由细菌、病毒等致病微生物引起，对于细菌感染使用抗生素来灭菌，如青霉素、头孢等。        ✅『无菌性炎症』与细菌无关，身体受到寒冷、衰老、损伤等刺激，使用消炎止痛药。        另外，作为免疫系统抵抗外伤或感染的信号，短期炎症提醒身体需要恢复，可以多休息等待自愈，长期炎症就一定要及时治疗啦。      🌟3.怎样避免经常发炎？        『生活方式调节』最为重要❗️        ✨（1）饮食调整：             果蔬抗炎最佳；主食中粗粮、豆类与精白米面搭配；选择有机菜籽油和坚果等健康脂肪；减少食用快餐食品；远离烟酒。             可以参考『抗炎食物金字塔』。        ✨（2）多喝水：             加强血液循环，促进炎症因子灭活。        ✨（3）有氧运动：             增加吸氧量，强化免疫力，每周进行两到三次有氧运动。        ✨（4）平和心态：             压力调节炎症通路，压力还会导致生活方式的不健康，造成更多炎症。        ✨（5）充足睡眠：             睡眠不足会改变炎症介质，引发系统性炎症，避免熬夜，保证8小时睡眠。        ✨（6）远离感染源：             注意个人卫生，切断感染途径。        另外，中午午睡了一会儿好多了，睡眠的修复作用真的强👍推荐美女睡眠博主@千云妮，睡得更香身体倍儿棒 @写书哥 和@牛魔王啊 @分享bot #健康[超话]#                  原图                             ,http://wx4.sinaimg.cn/large/006Fh8P1gy1gc1qyk32wyj30b40b1mxp.jpg,无,无,2020-02-19 15:35,健康超话,8,1,9
IuT3uywdY,-#阿蛋唠嗑# /免疫👧：认识你之后生了好多病哦👦：😰怎么回事呢👧：可能因为跟你一起，放下了所有的免疫吧☀️早鸭☀️  ,无,无,无,2020-02-19 09:38,早安超话,1,0,2
IuNCPyRnt,𝓭𝓲𝓷𝓰_小番茄：量化工作的利器        最近在家办公，很需要专注和任务管理的APP辅助，以找到生活节奏，试了很多，最终发现心头好『小番茄』，安利给大家        🌟为什么要吃下这颗安利？        ✨（1）量化工作的利器❗️        作为以番茄工作法为依据的APP，它最大的特色就是给任务设定🍅数，最终显示预估番茄数和实际番茄数。        我们为什么要专注，为什么做时间管理？一为完成任务，二为合理安排，明确各类事情花费的实际时间，才能做到合理规划。        ✨（2）超简洁界面        不管是专注时，还是任务管理时的界面，都是又简洁又美观，连后台通知的界面都爱！        专注时有两种界面，安利⚫️黑色底那款，专注开始，手机一横，每秒翻页，手机秒变电子钟，仪式感超强～        ✨（3）想种树？这里也有        很多人钟爱Forest种树的成就感，其实小番茄也可以种🌲哦。        本来还想安利白噪音种类多，但不知道为什么写着写着微博，一半的白噪音都变成收费了明明下午还在用“篝火”取暖作业作业@写书哥 和@牛魔王啊 @分享bot @-studyaccount小组 #studyaccount[超话]# 练瑜伽的蛋酱的微博视频                                 ,无,无,无,2020-02-18 19:49,studyaccount超话,23,0,31
IuL9N4Req,𝓨𝓸𝓰𝓪_瑜伽练习中，头在正位嘛？        瑜伽练习中，正位不仅指脊柱处于中立位，头顶位置也不可忽视。正位时，头应当位于整条脊柱的延长线上，放佛有根线，轻轻地拉着你往头顶前方延伸。        站立时，整个人向上生长；前屈时，垂直向地面折服；跪姿中，向前方延展。        常常出现什么错误呢？一种是头无力地“掉下去”，像图123的猫牛式、下犬式和上犬式中那样，这时肩胛骨翘起，肩胛失去稳定，背部肌肉松弛，导致手臂和手腕过多代偿，引起僵紧和酸痛。        还有一种是头过度发力，像图46的站立前屈和扭转那样，当身体其它部位不能足够深入体式时，用头过度发力，例如让头贴向小腿、让头过多扭转，会导致头颈的肌肉过度紧张，或者过度拉伤。        记住你头顶的线，学着在练习中更加轻盈、舒展和稳定。        #瑜伽[超话]#@写书哥 和@牛魔王啊        @微博瑜伽 图片来自@瑜伽柠檬             [组图共6张]      原图                             ,"http://ww2.sinaimg.cn/large/006Fh8P1gy1gc0h4hisknj30zk0zih3f.jpg,http://ww3.sinaimg.cn/large/006Fh8P1gy1gc0h4i1qb4j30zk0zi183.jpg,http://ww3.sinaimg.cn/large/006Fh8P1gy1gc0hjh69u0j30zk0zinf5.jpg,http://ww3.sinaimg.cn/large/006Fh8P1gy1gc0hjhy6mcj30zk0zik7k.jpg,http://ww4.sinaimg.cn/large/006Fh8P1gy1gc0hjj574ej30us0usgpo.jpg,http://ww4.sinaimg.cn/large/006Fh8P1gy1gc0hjjp9vaj30zk0zindt.jpg",无,无,2020-02-18 13:32,瑜伽超话,8,0,4
IuCpqDzBH,-#阿蛋唠嗑# /阳光☀️真的晒到屁股啦  原图 ,http://wx3.sinaimg.cn/large/006Fh8P1gy1gbzf5togv0j315o15okjl.jpg,无,无,2020-02-17 15:16,HUAWEI P20,1,0,2
IuC2by34i,𝓭𝓲𝓷𝓰_凡事先做5分钟        在家办公一周多，经常难以进入工作状态怎么办？一个亲测有效的办法：管他想不想，先做5分钟再说。        我以前睡觉不安分，翻身打滚玩手机，半天才能睡着，有次朋友住过来，被影响得睡不着，跟我说“你试试别动、先睡5分钟，5分钟睡不着随你玩”，后来竟然真在5分钟内睡着了！        不想工作的时候，先打开电脑做5分钟；不想锻炼的时候，先站起来动5分钟；不想写微博的时候，先随便写5分钟。        凡事不管想不想，先做个5分钟，就5分钟，过后如果还想玩手机，就去玩手机好啦。        不过很快你就会发现，大部分时候，仅仅需要5分钟，心就能安定下来；先做个5分钟，你以为不想不能的事，自然地就启动啦。        交作业@写书哥 和@牛魔王啊        @-studyaccount小组                  原图                             ,http://wx2.sinaimg.cn/large/006Fh8P1gy1gbzdiku9kuj30ty0xsn9f.jpg,无,无,2020-02-17 14:19,HUAWEI P20,26,0,30
Iut4Ulrwk,-#阿蛋唠嗑# /上课不听讲什么感觉？就是开课一周多了才发现每天原来要写2篇100字原创一直以为只要1篇害，每天还打卡打的津津有味的 孩子还能救一下吗@写书哥   原图 ,http://wx4.sinaimg.cn/large/006Fh8P1gy1gby9zcwg86j30hs0hsjsn.jpg,无,无,2020-02-16 15:31,HUAWEI P20,3,0,2
IujTmaxES,-#阿蛋唠嗑# /尴尬网课刚刚正听着网课，低头记笔记老师突然咳了一声我：嗯？！瞬间警惕！扔笔抬头，起身准备拿口罩起到一半，定格哦，这是网课。。。  原图 ,http://wx1.sinaimg.cn/large/006Fh8P1gy1gbx5f0qdbdg309q073npe.gif,无,无,2020-02-15 16:07,HUAWEI P20,4,0,4
Iuj3DrqJb,𝓭𝓲𝓷𝓰_运动小白的微博这么写        作为从吃瓜群众转向种瓜农民（其实是搬瓜工）的微博小白，努力脱离自嘿型读书笔记的运动小白，入了写作营后一直在思考，如何写身体动作相关的内容，才让人更想看？      （1）大白话代替专业词汇        说“胫骨”不如说“小腿前侧”，说“启动背阔肌”不如说”绷紧背部肌肉“，读给你的朋友听一听，看他们是否能懂。      （2）选题具有实操性        像之前写的“脊柱的解剖学知识”，没什么人关心，因为知道了也没啥用，选”如何缓解腰疼？“作为题目，针对实际问题，更加吸引人。      （3）写再多比不上放动图/视频        说半天肩要怎样，腿要怎样，一张动图既直观又全面地表达出要点，所以如果专注运动的方向，还是要拍视频放视频呀。       （4）写自己真实掌握的        写微博也要知行合一，文字内容可以总结搬运，身体能力却骗不了人，包装成做不到的角色，不但读者不信任，自己也会不相信自己，更重要的是走不上拍视频的路子@写书哥 和@牛魔王啊                  原图                             ,http://wx2.sinaimg.cn/large/006Fh8P1gy1gbx1qyyt1ej30hs0e1dgg.jpg,无,无,2020-02-15 14:00,HUAWEI P20,29,1,44
Iucfr2ShR,-#阿蛋唠嗑# /#疫情下的情人节# 不能见面但是可以互相送上小礼物但这个礼物🎁怎么肥四？  原图 ,http://wx4.sinaimg.cn/large/006Fh8P1gy1gbw7nnqsjgj31jk0v9nna.jpg,无,无,2020-02-14 20:40,HUAWEI P20,5,0,8
IubJC0cjh,𝓫𝓸𝓭𝔂 _正确下蹲：髋部翻盖运动        捡地上的东西、从椅子上站起来的时候腰疼？深蹲的时候膝盖疼腰疼？恐怕是你下蹲的方式不对。        ☑️正确下蹲的关键【髋部翻盖】        √保持脊柱中立（什么叫中立http://t.cn/A6htxqqv）        √脊柱稳定不动，髋部转动后移，髋部的转动就像翻盖手机折叠那样（图1图2：翻盖手机与深蹲）        ⚠️常见的错误有哪些？        x膝盖过度前移，超过脚尖        x弯腰驼背，脊柱不在中立位        🚩简单但重要的练习：        （1）站直，双脚分开，与肩同宽        （2）双手放在大腿上，拇指与四指分开，岔开扶住大腿        （3）脊柱挺直，髋部【翻盖折叠】，臀部向后顶（不是撅屁股哦，而是整个向身体后方移动），双手沿着大腿向下滑        （4）身体下降，直到双手到达膝盖上方        🚩起身和蹲下一样重要：        （1）腹部收紧，不需要吸进去，仅仅是让腹部变硬（具体腹部收紧http://t.cn/A6htxqqP）        （2）胸部背部稍微发力，将肩部下压        （3）髋部【翻盖打开】，臀部向前顶，双手沿着大腿上升。        📍一个细节：膝盖的位置        身体下蹲到最低位置时，膝应当处于脚跟和脚趾之间的中线上。        下蹲可以是坐下的过渡动作，也可以是从地上拿起东西时的过渡动作，我们每天不经意间会多次使用。        错误的下蹲损伤脊柱和膝盖，正确的下蹲保护身体，更是练习深蹲的基础。        我们一起，“髋部翻盖”，蹲下站起叭💪    @写书哥 和@牛魔王啊 #瑜伽[超话]##健身#             [组图共3张]      原图                             ,"http://ww3.sinaimg.cn/large/006Fh8P1gy1gbw518vovag30hs08rx3d.gif,http://ww1.sinaimg.cn/large/006Fh8P1gy1gbw5f3fn6gg30u00u04qt.gif,http://ww3.sinaimg.cn/large/006Fh8P1gy1gbw5f41z64g30av064k0y.gif",无,无,2020-02-14 19:21,瑜伽超话,21,2,25
Iu167jJlH,-#阿蛋唠嗑# /日常小巧合健能和凡士林尿素霜的配色一毛一样格式也很相似  原图 ,http://wx2.sinaimg.cn/large/006Fh8P1gy1gbuufqpz5ij31400u0wi4.jpg,无,无,2020-02-13 16:17,HUAWEI P20,3,0,6
ItL4aqy6U,𝓵𝓲𝓯𝓮𝓼𝓽𝔂𝓵𝓮_睡觉，给大脑洗个澡        你会一个月不洗澡吗？能忍受一周不刷牙吗？大脑不清洁呢？你将收获一个充满垃圾的头脑        正如牙膏清洁牙齿，睡眠，正是我们大脑的清洁师。        🌟人体的每个器官要运行，都得解决两个基本问题：【输入营养+排出废物】。        营养输入通过心血管系统—血液沿血管将营养和氧气输送到每个细胞。        废物排出通过淋巴系统—淋巴收集细胞产生的垃圾，将它们卸到血液中处理。问题来了，大脑里并没有淋巴系统！        🌟那大脑怎么清理废物呢？        大脑通过【脑脊液】清理废物，它是一种干净透明的液体，填充大脑里的空间，大脑的废物会进入其中，两者一起卸下，进入血液。脑脊液相当于大脑的淋巴系统。        🌟关键是，脑脊液在睡眠状态才会活动！        也就是说，睡着时，大脑废物才得以排出，不睡或睡眠不足，你的大脑将堆积垃圾        睡眠，在我们无意识时默默做着大脑清洁的工作，助我们头脑清明，千万不要因为看不见，而忽略它、压缩它。        无意识睡眠跟有意识活动一样重要，现在，去睡觉排毒吧！晚安哟🙏     @写书哥 和@牛魔王啊 抄送@全是干货 @传媒老跟班 @快递少年 @千云妮 @-studyaccount小组 【TED演讲】没睡好的人，脑子里都是垃圾，人体中的每一个器官都需要休息，大脑是人体中工作最辛勤的器官，而研究表明，只有在睡觉时大脑才会将废物沿着脑脊间的血管清出                                 ,无,无,无,2020-02-11 23:28,HUAWEI P20,27,1,44
ItB65zXkn,𝓨𝓸𝓰𝓪_如何避免自我练习的危险？        无法出门锻炼的假期，各种线上运动视频帮我们解决了，想练不知道练啥、怎么练的问题，不过等等，你真的知道自己在练什么吗？        看下面的对比图，左边是老师，右边是瑜伽馆老学员。看起来简简单单的一个谦卑式，没有老师在一旁指导，若不是有截图对比，很难自我察觉到其中的问题。        这样的练习低效又危险。像图中的学员，最明显的问题是丢失腹股沟的空间，大腿骨没有回到髋臼里，最直接的，容易导致膝盖不稳定和疼痛。        那如何避免低效且危险的自我练习呢？图片提供了一个有效方法：【录视频+找不同】    🌟1.选择熟悉、有示范的练习内容           熟悉的内容，哪怕在平常有老师指导的情况下也不一定能做好，就别想着闷头挑战自我啦，练坏了不划算。有示范是为了有对比。    🌟2.录下完整练习           视频最好拍到全身，录前检查一下，是否能拍到头脚、手臂平举和上举。    🌟3.如有条件发给教练，请他指导           很多问题我们看不出，经验丰富的教练却能一眼看出，此时想问@健身方教练 ，是否提供线上指导    🌟4.找不同            截图对比、发现问题，这个过程可以说是不比不知道，一比吓一跳，找出不同后，多思考多分析多请教。    🌟5.改进，重复录视频+对比            就之前发现的问题进行改进，再重复录视频与找不同的步骤，直到练习标准。        这个方法不仅适用于特殊时期的居家练习，平常使用也可以更快进步哟。@写书哥 和@牛魔王啊                  原图                             ,http://wx4.sinaimg.cn/large/006Fh8P1gy1gbrnmkjxybj31400u0wgj.jpg,无,无,2020-02-10 22:05,HUAWEI P20,16,2,27
ItxF7uAL7,-#阿蛋唠嗑# /春光春光不忍浪费以冥想代替午间小憩在阳光中内观开工大吉，午安🧘♀️  原图 ,http://wx2.sinaimg.cn/large/006Fh8P1gy1gbr8hot9c2j315o15o7wh.jpg,无,无,2020-02-10 13:20,瑜伽超话,3,0,2
Its9kgyRR,-#阿蛋唠嗑# /今日体会肩颈练得更灵活的一大好处是搓背更加全面方便晚安，Namaste🙏  原图 ,http://wx1.sinaimg.cn/large/006Fh8P1gy1gbqk64n65fg30eg0eghdv.gif,无,无,2020-02-09 23:18,瑜伽超话,5,1,6
ItpPnxiGg,𝓨𝓸𝓰𝓪_如何选择瑜伽垫？        练习瑜伽，瑜伽垫是必需品，淘宝上各种材料、厚度宽度、花色的瑜伽垫应用尽有，我们该如何选择呢？      🌟1.材料        首先，好的瑜伽垫要能回弹、防滑，且耐用，高阶练习还要能吸汗，所以合适的材料是选购重点。        市面主要材料有NBR/PVC/TPE/橡胶/PU。      ✅【NBR和PVC】价格低，在20-100元之间，回弹和防滑一般，不耐用，适合三分钟热度型选手。（图1迪卡侬PVC）        代表品牌有迪卡侬/ 悦步（NBR）和manduka传奇黑垫（PVC）      ✅【TPE】性价比最高，价格中等，在50-150元之间，防滑和回弹效果都非常好，耐用性强，为入门首选，TPE还可重复利用，还是一种环保材料哟。（图2青鸟TPE）        代表品牌有哈他和青鸟。      ✅【PU和橡胶垫】价格高，几百到上千都有，回弹性好，防滑耐磨。两者区别在于PU垫吸水，干湿均防滑，而橡胶垫不吸水，手脚出汗后防滑效果降低。（图3liforme瑜伽垫）        适合长期专业练习者，骨灰级选手或高强练习者最好选用PU垫，防止大量出汗后打滑。        代表品牌有liforme/lululemon（ PU垫）和哈他（橡胶垫）。      🌟2.厚度        材料之外厚度也需要注意：太薄，难以保护关节；太厚，影响平衡与准确。国际标准的瑜伽垫尺寸是183mm*61mm*6mm，一般6mm-8mm厚足够正常练习啦。        太薄的垫子更适合进阶者；太厚例如10mm以上会影响身体平衡，造成动作失真，甚至摔倒受伤， 市场上加厚的垫子一般用于健身运动，可以叫做健身垫。（图4健身垫）      🌟3.其它        总而言之，6mm-8mm厚的TPE或橡胶垫，能够满足正常练习要求。        至于颜色、花纹与价格，根据个人喜好选择就好啦。         这篇受@雅布塔 @产品经理读毛选 启发        请@写书哥 和@牛魔王啊 点评～#瑜伽[超话]#             [组图共4张]      原图                             ,"http://ww4.sinaimg.cn/large/006Fh8P1gy1gbq9wo228jj30m60xcams.jpg,http://ww1.sinaimg.cn/large/006Fh8P1gy1gbq9woh3zzj30m80tlqg7.jpg,http://ww3.sinaimg.cn/large/006Fh8P1gy1gbq9wp0g8tj30ku0b6403.jpg,http://ww2.sinaimg.cn/large/006Fh8P1gy1gbq9wpfkhzj30ly0mqtg9.jpg",无,无,2020-02-09 17:24,瑜伽超话,21,3,20
IsNfOf4Rv,𝓭𝓲𝓷𝓰_快速平静的3个方法      🌟1.冥想        有研究表明，冥想能够平静大脑，日常生活繁杂焦虑时，不防来一次10分钟的简短冥想，随时回到当下，回归本心。        推荐@艾莉森王 冥想音频，6到10分钟，涵盖爱意冥想、身体扫描法等，关键是Alison的声音温柔好听，让人迅速平静哟～        🧘♀️让人流泪的爱意冥想指路：http://t.cn/A6PEEAkR      🌟2.运动        焦虑让身体长期处于“逃跑”或“战斗”的紧张状态，有氧运动释放肌肉中积蓄已久的能量，进而通知大脑放松下来。        不过高强度运动后，身体会出现免疫力空窗期，建议进行低强度的居家有氧。       🏃低冲击无跳跃有氧http://t.cn/A6PERDsX       🏃八段锦http://t.cn/A6PERRpl      🌟3.做家务        做一些可控的事，缓解无力感，做家务就是一个好选择，扫地拖地洗碗，释放能量的同时还能跟爸妈更和谐地相处#瑜伽[超话]#                  原图                             ,http://wx1.sinaimg.cn/large/006Fh8P1ly1gbljqtu4c1j30sg0sgq3p.jpg,无,无,2020-02-05 15:12,瑜伽超话,43,13,56
IsKLhturO,-#阿蛋唠嗑# /天坛式呼吸醒来趴床上练习了5分钟吸气时感受背部和侧肋扩张，腹部微微鼓起呼气时感受胸口下沉，腹部微微凹陷舒适感受到背部压力的释放  原图 ,http://wx2.sinaimg.cn/large/006Fh8P1ly1gbl8mgftm4j30k00jydhv.jpg,无,无,2020-02-05 08:51,瑜伽超话,8,0,4
IsEmSfEMu,-#阿蛋唠嗑# /Kindle我在写笔记，我爸坐对面看Kindle。5分钟后听到了打呼声。30分钟后我爸醒了，悠悠说了句：“这东西催眠的。”  ,无,无,无,2020-02-04 16:34,HUAWEI P20,12,0,12
IsEgY5axS,𝓫𝓸𝓭𝔂_什么叫腹部收紧？         运动时常听到教练让腹部收紧，那到底什么叫收紧呢？        首先明确，腹部收紧≠收腹，≠“把肚子吸进来”或者“肚脐靠近脊柱”。        腹部收紧是指腹肌的轻微收缩，就像有人要往你肚子打一拳，你做准备那样轻度收缩。       🌟腹部收紧有什么作用？           核心保持硬度对脊柱健康至关重要，能够防止疼痛的脊柱关节产生微小的活动，让活动更多发生在肩部和髋部。       🌟旋钮般调整强度           腹肌不但需要能够收紧，还需要根据任务调整收紧强度，例如拿重物时多收一点，走路时少收一点。           慢慢调整腹肌收缩强度，像调节灯光亮度旋钮那样，使收缩强度与任务（坐、站立）匹配；避免像电灯开关一样，从一个极限突然到达另一个极限。       🌟如何收紧呢？           腹部肌肉先放松，手指顶进腹斜肌（肚脐外5~12cm处）内，温和地绷紧腹腔—不是吸进去，而是感觉手指像被推出来一样。           注意不是将肌肉吸进去，也不是顶进来，紧紧是激活绷紧。        学会收紧腹部，又一步远离受损脊柱～#瑜伽[超话]#                  原图                             ,http://wx1.sinaimg.cn/large/006Fh8P1ly1gbkfz57qj7j30m80xc40d.jpg,无,无,2020-02-04 16:20,瑜伽超话,5,2,6
IsuGcqXG3,𝓱𝓮𝓪𝓵_八种腰背疼痛类型        总结了一些腰背疼痛的类型，以及日常生活中应当避免的活动，治疗腰背疼痛，有时候“不做什么”比“做什么”重要。      🌟1.脊柱屈曲型疼痛（身体向前弯曲）      ✅可能原因：几乎全是椎间盘突出      ❌避免：      ①向前屈曲时避免脊柱屈曲，学会髋部屈伸      ②长时间单一姿势，如久坐久站      🌟2.动态负荷型疼痛（走楼梯、不平地面）      ✅可能原因：椎体终板的压缩性损伤      ❌避免：      ①动态负荷的运动，如跑步      ②坐或站时暴露于振动源，如重型机械操作      🌟3.屈颈时疼痛      ✅可能原因：      ①机械刺激增加了自脊髓的神经根敏感度      ②屈颈偶尔能缓解放射性疼痛，这时说明椎间盘的突出“钩住”了神经      ❌避免：拉伸      🌟4.压迫性疼痛（身体前持重物，如开窗）      ✅可能原因：椎体或椎间盘压迫性损伤      ❌避免：向前伸的探身动作      🌟5.间歇性腰背痛      ✅可能原因：椎间盘被压扁或突出可能压迫到神经，通常带来臀腿的放射性疼痛。      ❌避免：诱发疼痛的姿势      🌟6.步行超过一定距离疼痛      ✅可能原因：      ①中老年通常由于关节炎      ②年轻人通常由于某个关节的问题      ❌避免：步行时间过长，及时结束步行      🌟7.向后仰或扭转时疼痛      ✅可能原因：椎间盘病理性问题与小关节问题结合      ❌避免：诱发疼痛的姿势      🌟8.只做某些练习时疼痛      ✅可能原因：有缺陷的力学机制导致某些组织受损，或者负载过大，或者训练量过大      ❌避免：诱发疼痛的动作                  原图                             ,http://wx4.sinaimg.cn/large/006Fh8P1ly1gbj9mibsjqj30gq0g93zd.jpg,无,无,2020-02-03 15:55,瑜伽超话,5,0,4
IsbtssKvb,𝓫𝓸𝓭𝔂_姿势、负荷与疼痛      🌟总结：减轻负荷的策略      （1）弯腰抬物体尽量使物体靠近身体。      （2）日常生活避免脊柱反复前后弯曲，代之以髋部运动。       🌟什么是负荷？      （1）直接作用在身体上的力：抬起一件物体或者推门时，力会反作用在身体上。      （2）机体内部产生的负荷，即肌肉作用在关节上的力：例如手持物体，肘关节屈肌收缩，肌肉产生的力很大部分作用在肘关节上。        ✅栗子：物体重2KG时，由于肌肉力点距离肘关节近，约阻力臂的1/15，因此肘关节会承受2×15=30KG的负荷（杠杆原理）。       🌟姿势决定负荷和疼痛？           弯腰抬物体时，脊柱承受比物体重几十倍的负荷，压力挤压关节，导致疼痛。           姿势如何影响负荷呢？           以弯腰抬物体为例，物体离身体更近，阻力臂长度减小，产生的作用在脊柱上的力相应减小，因此抬物体时尽量使物体靠近身体。       🌟脊柱为何不应反复弯曲？           脊柱像能弯曲的杆子，弯曲时椎间盘变形。           铁丝衣架反复前后弯曲，会导致疲劳并断裂；脊柱反复前后弯曲，产生的累积效应类似—椎间盘的纤维环破裂，髓核从纤维环中漏出，造成脊柱损伤。           因此日常生活中应避免脊柱反复弯曲，代之以球窝关节—髋关节的运动，例如抬物体时蹲下再抬（图）。                  原图                             ,http://wx4.sinaimg.cn/large/006Fh8P1ly1gbgx46xwfmj30hg0lpq3t.jpg,无,无,2020-02-01 15:01,瑜伽超话,11,0,16
Isb7cvLqf,-#阿蛋唠嗑# /一个胡思乱想人类长期保持坐姿、看手机的姿势，会不会进化出更适合坐着和低头的人体结构？大自然会不会淘汰掉维持“脊柱中立”，这类更适合远古捕猎的人体呢？  ,无,无,无,2020-02-01 14:06,瑜伽超话,3,0,4
Is3eVDliu,-#阿蛋唠嗑# /求助贴有木有朋友帮忙解答下为啥房天下上二手房报价比链家低好几十万#二手房##房天下##链家##房价# @地产程序猿 @地产八卦男 @地产圈那点事  ,无,无,无,2020-01-31 18:03,HUAWEI P20,2,0,6
IrITL5Ni6,𝓭𝓲𝓷𝓰_吃好睡好，是用功的一部分        “该吃饭的时候吃饭，该睡觉的时候睡觉，能做到这一点就是牛人了。”来自@写书哥 微博        提到用功，想到悬梁刺股、凿壁借光；提到发愿，就有岳母刺字。似乎想要努力达到目标，需要咬牙切齿地发愿，废寝忘食地用功。        直到遇见小Q，才知道吃好睡好会放松，也是用功，还是会用功。        小Q是瑜伽馆小馆主，三年前开馆，同时深入学习瑜伽，两年前开始带课，如今私教课广受欢迎。看她授课能力发展如此之快，我一直想象她平日十分紧凑努力。        直到有段时间交流多，发现她平时11点睡，7点起，中午还需午睡；吃起饭来毫不含糊，按时按点，量大种类多；甚至瑜伽馆周末开课也少，留时间陪家人和自我练习，练习和教课时也从不要求难度大、达到极限的体式。        一眼看上去算不上“努力”或者“上进”，却看着她一步步解锁瑜伽体式，私教越来越受欢迎，还保持着平和心态孕育出的好气色。用她的话讲：“吃饭睡觉，跟瑜伽练习一样，长久地认真对待，都是对自我的用功呀。”        从小被教育努力用功就要吃苦，要时刻心无旁骛、殚精竭虑—才能够考上好大学，才能够升职加薪。        但就像弹簧，时刻拉长会失去弹性和功能，得适当收缩以存储势能。人也不宜时刻紧绷拉长，适当的修生养息和补充能量，才能够维持长久的弹性和力量。        出拳前先收拳，起跑前先下蹲，吃好睡好和主动行动，是用功的不同部分，都是努力用功。                  原图                             ,http://wx4.sinaimg.cn/large/006Fh8P1ly1gbdeobhnfaj30qe0qe74w.jpg,无,无,2020-01-29 14:16,HUAWEI P20,14,0,24
IrD1LwDMi,𝓱𝓮𝓪𝓵_避免腰背疼痛的策略      ✨1.确定和消除疼痛成因—进行正确的评估以明确诊断。      ✨2.提高你对致痛动作和姿势的意识。      ✨3.找到并培养自己完成一些无痛的替代性姿势和动作模式。      ✨4.稳定你的躯干、核心和脊柱，去除引起脊柱关节疼痛的微小动作。      ✨5.制定日常练习计划，包括行走等。      ✨6.让你的髋更灵活。      ✨7.利用球窝关节（髋和肩）产生力量。      ✨8.学习那些基于基本的动作模式的练习：推、拉、举、提、弓箭步、下蹲等。        ✨9.在睡眠、坐或从事其他必需的日常活动时，为脊柱坐出健康选择。——《腰背维修师》                  原图                             ,http://wx3.sinaimg.cn/large/006Fh8P1ly1gbcj0brscaj33282aonpe.jpg,无,无,2020-01-28 23:19,瑜伽超话,3,0,4
IpJLdvU2a,𝓫𝓸𝓭𝔂_3种方法找到盆底肌        之前介绍了锻炼盆底肌最常见的方法—凯格尔运动http://t.cn/A6vxG9Xw        但知道怎么锻炼了，却感知不到盆底肌、不清楚盆底肌有没有发力该怎么办呢？给大家介绍几种帮助找到盆底肌发力感觉的方法。      🌟1.最简单的是想象憋尿           想象嘘嘘到一半的时候突然收住，感受一下从尿道到肛门区域的收缩感觉，就是盆底肌在收缩发力。           接着想象不再收住，继续嘘嘘，这时就是盆底肌在放松啦。           凯格尔运动可以理解为尿—收—尿。           ⚠️注意点：        （1）想象的时候用手在腹部、臀部、大腿感知下，它们是否静止？呼吸是否流畅？肌肉运动的方向应当向上向里，不是向下憋住。        （2）注意不要经常在嘘嘘的时候憋住，盆底肌锻炼要在膀胱排空的情况下进行哦。      🌟2.YD夹手指           如果想象憋尿还是找不到盆底肌的觉知，可以将手指放入YD，约一个指节深度。尝试稍微夹住手指，这时盆底肌在发力；微微松开手指，则盆底肌在放松。           ⚠️注意保持手指清洁。      🌟3.辅助工具     （1）YD哑铃：辅助找到盆底肌的工具，放进YD，收缩时感受哑铃上升。     （2）电刺激：最直接有效的方法，在医院使用，用电极刺激YD旁的肌肉使其收缩，留意此时收缩的感觉。           ⚠️注意点：        （1） YD哑铃使用前必须清洗，大小可按医生建议的购买。        （2）注意安全，电刺激一定要去医院做。#瑜伽[超话]#                  原图                             ,http://wx3.sinaimg.cn/large/006Fh8P1ly1gayb21idycj30ky06tgmp.jpg,无,无,2020-01-16 12:47,瑜伽超话,0,1,0
IpAqq384S,𝓫𝓸𝓭𝔂_凯格尔运动      ⚠️不要在憋尿的时候练习凯格尔运动      ⚠️盆底肌过紧的情况（如xing生活过于疼痛）下需要先放松再练习        把盆底肌想象成一张“吊网”，有弹性地拖住腹脏器官；也可以想象成一部“电梯”，而腹脏器官是里面的乘客，乘客随着电梯上下。        凯格尔运动包括[收缩]➕[上提]盆底肌。      🌟具体操作：      （1）平躺、站立、坐立，任何姿势都可以开始。      （2）收缩盆底肌5秒，如果是刚开始练习，可以先缩短到2～3秒。      （3）放松10秒（保证放松时间）。      （4）重复练习10次为一组。      🌟强度建议：        强度和频率因人而异，建议：      （1）一天3～4组，不需要再多。      （2）每个星期可以增加数秒，可以建立一次10秒的目标，无需再多。#瑜伽[超话]#                  原图                             ,http://wx4.sinaimg.cn/large/006Fh8P1ly1gax5uaqa3gj30im0fe76n.jpg,无,无,2020-01-15 13:01,瑜伽超话,1,1,0
IpjKW6GGh,𝓨𝓸𝓰𝓪_读《瑜伽解剖学》的15点感悟        作者雷斯利·卡米诺夫和艾米·马修斯，前半部分理论非常值得一看，提供了理解呼吸、脊柱、骨骼、肌肉和瑜伽的角度，后半部分体式精讲选择性阅读。        🌟核心观点：      （1）人体脊柱、胸廓和骨盆为自支撑结构，瑜伽练习的目的之一是释放阻碍这种结构的冗余力量，找回结构的内在平衡。      （2）观察人体系统和运动时兼具整体和局部视角，尤其关注系统之间、单体之间的关系。        ✨1.呼吸是空气在人体空腔中的运动，由胸腔和腹腔的三维形状变化引起。定义有效或阻塞的呼吸的标准为：胸腔和腹腔是否有改变三维形状的能力。        ✨2.所有呼吸都有膈的参与，即胸式呼吸和腹式呼吸都属于膈呼吸。呼吸训练是呼吸辅助肌的训练—训练身体所有肌肉组织协调，并与膈的动作成为一体。        ✨3.没有唯一正确的呼吸模式。收束（ujjayi呼吸）对支撑重心和空间中移动脊柱有益，放松的呼吸对水平位的恢复性练习有益。        ✨4.呼吸练习的最终目的是摆脱习惯性的、功能障碍的限制。        ✨5.脊柱是骨与软组织交替的结构，同时满足刚性和塑性要求，适合中和压缩与拉伸。        ✨6.脊柱共有5个曲度，主弯曲为枕骨、胸椎和尾椎，辅助弯曲为颈椎和腰椎。主弯曲和辅助弯曲的关系此消彼长—一种增大另一种就减小，轴向伸展除外。        ✨7.脊柱、胸廓和骨盆为自支撑结构，无论向哪个方向运动都有返回中立位的趋势。这种平衡不依赖于肌肉力量，可以说是多余的肌肉力量在阻碍它发挥支撑作用。        ✨8.瑜伽练习的目的之一是找回脊柱、胸腔和骨盆的内在平衡，通过识别和释放低效的肌肉力量来释放轴向骨骼中存储的势能。        ✨9.人体由多个系统组成，任何身体部位都是多个系统的组成部分，系统之间彼此重叠和相互依存。只关注一两个系统过于片面，但可以从一两个局部入手探索全局。        ✨10.关节活动始终是三维的，不应让二维的术语束缚理解和运动。        ✨11.运动不会只发生在一个关节，它始终在体内传递，观察一个人的运动时，不应只关注某个特定关节，而是观察整体运动模式。        ✨12.同骨骼一样，肌肉的工作也不是孤立的，每个动作都需要多个肌肉的参与，每块肌肉的活动都会影响其它所有肌肉—通过结缔组织的基体平衡、加强、调整彼此。        ✨13.肌肉的关系可以从多个角度理解：关注特定关节的“主动肌-拮抗肌”对，关注肌肉层次的“单关节肌肉”和“多关节肌肉”，关注运动整体性的“动力学链”。        ✨14.高效的运动状态：骨骼支撑重力，肌肉移动骨头，同时肌肉可以调整张力。        ✨15.肌肉通过克服阻力培养意识、积累张力。通过对神经系统再教育、重复和拉伸提高柔韧性和强度。#瑜伽[超话]##读书笔记##瑜伽解剖学#                  原图                             ,http://wx4.sinaimg.cn/large/006Fh8P1ly1gav492piwtj30bw0h4q42.jpg,无,无,2020-01-13 18:35,瑜伽超话,20,9,23
IpfvZbVSs,𝓨𝓸𝓰𝓪_筋骨硬的女孩子能做瑜伽么？        可以练，而且有独特的优势哦。        需要明白瑜伽不是杂技，目的不在于摆出高难度姿势。        体式练习是瑜伽的一部分，而非终点，其它练习还包括呼吸、冥想等。体式练习的目的是通过它达到呼吸、身体和头脑的一致。        在练习中相比于关注有没有做到高难姿势，更需要关注的是进入和退出体式的方式、停留时身体的感受、呼吸的节奏、如何一步步安全地深入体式。        很多瑜伽老师学舞蹈出身，可以轻而易举地做到漂亮的高难姿势，但不明白是如何做到，更不清楚如何辅导学员做到。这导致他们的身体产生损伤，或者“下去一些”等辅助学员下压的方式对学员造成伤害，这些伤害可能在五年或十年之后才会显现。（观察一下骨科有多少瑜伽练习者）        而身体僵硬的我们，需要不断琢磨如何做到，我们不止需要理解做到WHAT，还需要理解HOW，学习安全地练习，锻炼身体的同时不断健脑，过程中建立头脑和身体的觉知，不是更加接近瑜伽练习的深层目的吗？        何况过程中还能收获柔软的身体、稳定的力量和柔软的心态，何乐而不为呢？        身体僵硬不是阻碍练习的理由，反而有它的独特优势。我们需要注意的是安全练习、拒绝只会做体式不懂HOW的瑜伽老师。        给题主打个气，我以前是坐位体前屈都碰不到脚的僵硬女孩，现在站立前屈手掌直接落地也很轻松，加油Namaste🙏#瑜伽[超话]# 筋骨很硬的女孩子，能做瑜伽吗？                                 ,无,无,无,2020-01-13 07:47,HUAWEI P20,1,1,0
IoZ4WyCx8,𝓨𝓸𝓰𝓪_如何在家自行练习瑜伽？        自行练习也是一种很好练习方式，可以自行设定一个练习目标，比如灵活脊柱、放松肩颈、或者找到臀部发力的感觉。        自我练习最需要注意的是【安全性】，体式最好选择自己已经熟悉的，通过跟老师交流和上网搜寻，了解注意点和身体局限。        在自己还无法安排节奏和序列时，建议跟随一些练习视频，比较推荐@全是瑜 App当中的课程，序列种类丰富，老师讲解详细。🙏 在瑜伽馆练完回到家如何自行练习？                                 ,无,无,无,2020-01-11 13:57,HUAWEI P20,1,0,0
InMzIrttB,你在拉伸哪组肌肉？安全吗？—《酸痛拉筋解剖书》读后感  ,无,无,无,2020-01-03 16:17,HUAWEI P20,0,0,0
Inl920CpE,𝓫𝓸𝓭𝔂_符合人体工程学的办公环境      🌟1.调整椅子的高度           肘部弯曲90度，如果此时脚悬空，需要在脚下垫脚垫（打印纸）。      🌟2.调整显示器           距离约一臂长，便于看清显示器内容；抬高显示器至顶部与眼睛平齐（垫书），如果是笔记本最好使用支架和外接键盘与鼠标。      🌟3.双屏显示器           如果有主显示器，则把它放在正前方；如果两个显示器使用频率差不多，则让它们并列，人位于中间。      🌟4.键盘与鼠标           键盘在手的位置，鼠标就在键盘旁，这样方便移动肘部而不是肩膀。      🌟5.电话           摆放在非惯用手的一侧，这样不需要用肩膀夹电话；如果使用电话频率高，建议用耳机，方便腾出手书写。      🌟6.动一动           可以坐着做的小运动，如收下巴、拉伸肩颈；每半小时起来动一动。http://t.cn/AiFEiEHC                                 ,无,无,无,2019-12-31 18:27,HUAWEI P20,0,0,0
IlXMlE4Kx,𝓨𝓸𝓰𝓪_5种流瑜伽序列      🌟1.站姿序列（图1和2）           唤醒骨盆的核心肌群，通过循序渐进地将骨盆转向，朝向前腿，最终将骨盆转入扭转体式法的变化式。最终以双角式结束该序列。      🌟2.开髋与前弯序列（图3和4）           因为开髋和前弯动作由坐姿开始，所以串联动作之前，需要先以走或跳的方式进入手杖式。该动作序列由前弯开始，以开髋结束。      🌟3.后弯与扭转序列（图5和6）           也是在地面上练习。后弯时，肩关节要么伸展（手臂向后，远离身体），要么屈曲（手臂向前上举，越过头顶）。           该序列以伸展肩关节的几个体式开始，当背部完成热身时，加入轮式，后弯和扭转激活躯干的肌肉和器官。      🌟4.手臂平衡与倒立序列（图7和8）           使能量向上流动，通过摆正关节和收缩肌肉，刺激臂丛中的感觉神经元和运动神经元。           倒立还影响植物神经系统，增加副交感神经输出，暂时降低血压和心率。可在练习最后进行这些体式，让身体准备好进入摊尸式。      🌟5.犁式与肩倒立序列（图9和10）           和其它倒立体式一样，这些体式可以刺激主动脉和颈动脉上的压力感受器，以影响自主神经系统，暂时降低心率和血压。           犁式和肩倒立式对身心都有镇定作用，帮助练习者为摊尸式中更深的放松做准备。             [组图共10张]      原图                             ,"http://ww3.sinaimg.cn/large/006Fh8P1gy1ga5m19a378j30m10rs75r.jpg,http://ww4.sinaimg.cn/large/006Fh8P1gy1ga5m19rhjgj30m20rsabf.jpg,http://ww3.sinaimg.cn/large/006Fh8P1gy1ga5m1a874dj30m70rsgmy.jpg,http://ww3.sinaimg.cn/large/006Fh8P1gy1ga5m1arfzoj30m10rsjsn.jpg,http://ww3.sinaimg.cn/large/006Fh8P1gy1ga5m1b7v7oj30lw0rs75l.jpg,http://ww3.sinaimg.cn/large/006Fh8P1gy1ga5m1c1ufzj30lu0rs0u3.jpg,http://ww3.sinaimg.cn/large/006Fh8P1gy1ga5m1cpemcj30m40rsmym.jpg,http://ww2.sinaimg.cn/large/006Fh8P1gy1ga5m1d8ew1j30m30rswfr.jpg,http://ww2.sinaimg.cn/large/006Fh8P1gy1ga5m1dpdsvj30m90rswfu.jpg,http://ww3.sinaimg.cn/large/006Fh8P1gy1ga5m1e8boej30lu0rsdh2.jpg",无,无,2019-12-22 17:07,HUAWEI P20,5,2,0
